"LIBRARYREFERENCE","FOOTPRINT1","ACCURACY","ACTUATOR LENGTH","ACTUATOR MATERIAL","ACTUATOR TYPE","AVERAGE RECTIFIED CURRENT","BREAKDOWN VOLTAGE","CASE CODE (IMPERIAL)","CASE CODE (METRIC)","CASE/PACKAGE","CATEGORY","CLAMPING VOLTAGE","CLOCK FREQUENCY","COLOR","COMMENT","COMPONENTLINK10DESCRIPTION","COMPONENTLINK10URL","COMPONENTLINK11DESCRIPTION","COMPONENTLINK11URL","COMPONENTLINK1DESCRIPTION","COMPONENTLINK1URL","COMPONENTLINK2DESCRIPTION","COMPONENTLINK2URL","COMPONENTLINK3DESCRIPTION","COMPONENTLINK3URL","COMPONENTLINK4DESCRIPTION","COMPONENTLINK4URL","COMPONENTLINK5DESCRIPTION","COMPONENTLINK5URL","COMPONENTLINK6DESCRIPTION","COMPONENTLINK6URL","COMPONENTLINK7DESCRIPTION","COMPONENTLINK7URL","COMPONENTLINK8DESCRIPTION","COMPONENTLINK8URL","COMPONENTLINK9DESCRIPTION","COMPONENTLINK9URL","CONNECTOR TYPE","CONSTRUCTION","CONTACT CURRENT RATING","CONTACT FINISH - MATING","CONTACT GENDER","CONTACT MATERIAL","CONTACT MATING LENGTH","CONTACT PLATING","CONTACT POST LENGTH","CONTACT SHAPE","CONTACT TYPE","CORE ARCHITECTURE","CORE MATERIAL","CURRENT RATING","DATA BUS WIDTH","DC RESISTANCE (DCR)","DEPTH","DIAMETER","DIELECTRIC","DISSIPATION FACTOR","DOMINANT WAVELENGTH","DROPOUT VOLTAGE","ELV","ESR","ESR (EQUIVALENT SERIES RESISTANCE)","FASTENING TYPE","FEATURES","FLAMMABILITY RATING","FORWARD CURRENT","FORWARD VOLTAGE","FREQUENCY","FREQUENCY STABILITY","FREQUENCY TOLERANCE","GENDER","HEIGHT","HEIGHT - SEATED (MAX)","HOUSING MATERIAL","ILLUMINATION TYPE","IMPEDANCE","INDUCTANCE TOLERANCE","INPUT BIAS CURRENT","INSULATION COLOR","INSULATION MATERIAL","INSULATION RESISTANCE","INTERFACE","LEAD FREE","LEAD PITCH","LEAKAGE CURRENT","LENGTH","LENS COLOR","LENS TRANSPARENCY","LIFE (HOURS)","LOAD CAPACITANCE","LOGIC FUNCTION","LOW LEVEL OUTPUT CURRENT","LUMINOUS INTENSITY","MANUFACTURER","MANUFACTURER PART NUMBER","MATED STACKING HEIGHTS","MATERIAL","MAX CURRENT RATING","MAX DC CURRENT","MAX FORWARD SURGE CURRENT (IFSM)","MAX OPERATING TEMPERATURE","MAX OUTPUT CURRENT","MAX OUTPUT VOLTAGE","MAX POWER DISSIPATION","MAX REPETITIVE REVERSE VOLTAGE (VRRM)","MAX REVERSE CURRENT","MAX REVERSE LEAKAGE CURRENT","MAX REVERSE VOLTAGE (DC)","MAX SUPPLY VOLTAGE","MAX SURGE CURRENT","MAX VOLTAGE RATING (AC)","MAX VOLTAGE RATING (DC)","MECHANICAL LIFE","MEMORY FORMAT","MEMORY SIZE","MILITARY STANDARD","MIN CURRENT LIMIT","MIN INPUT VOLTAGE","MIN OPERATING TEMPERATURE","MIN OUTPUT VOLTAGE","MIN SUPPLY VOLTAGE","MOUNTING TECHNOLOGY","NOMINAL SUPPLY CURRENT","NUMBER OF ADC CHANNELS","NUMBER OF BITS","NUMBER OF CHANNELS","NUMBER OF CIRCUITS","NUMBER OF CONTACTS","NUMBER OF ELEMENTS","NUMBER OF GATES","NUMBER OF I/OS","NUMBER OF I2C CHANNELS","NUMBER OF INPUTS","NUMBER OF LINES","NUMBER OF OUTPUTS","NUMBER OF PORTS","NUMBER OF POSITIONS","NUMBER OF PWM CHANNELS","NUMBER OF REGULATORS","NUMBER OF ROWS","NUMBER OF SPI CHANNELS","NUMBER OF TERMINATIONS","NUMBER OF TIMERS/COUNTERS","OPERATING FORCE","OPERATING FREQUENCY","OPERATING SUPPLY VOLTAGE","ORIENTATION","OSCILLATOR TYPE","OUTPUT CURRENT","OUTPUT TYPE","OUTPUT VOLTAGE","PACKAGE QUANTITY","PACKAGING","PEAK NON-REPETITIVE SURGE CURRENT","PERIPHERALS","PINS","PITCH","POLARITY","POWER DISSIPATION","POWER RATING","PRICING","PROPAGATION DELAY","QUIESCENT CURRENT","RADIATION HARDENING","RAM SIZE","RATINGS","REACH SVHC COMPLIANT","RECOVERY TIME","RESISTANCE TOLERANCE","RESISTOR TYPE","REVERSE RECOVERY TIME","REVERSE RECOVERY TIME-MAX","REVERSE VOLTAGE","RIPPLE CURRENT","RIPPLE CURRENT (AC)","RMS CURRENT (IRMS)","ROHS","ROHS COMPLIANT","SATURATION CURRENT","SERIES","SHIELDING","STOCK","SUPPLIER","SUPPLIER PART NUMBER","SWITCH FUNCTION","SWITCH TRAVEL","TECHNOLOGY","TEMPERATURE COEFFICIENT","TERMINATION","TEST CURRENT","TEST FREQUENCY","THICKNESS","THROW CONFIGURATION","TOLERANCE","TYPE","VALUE","VIEWING ANGLE","VOLTAGE","VOLTAGE RATING","VOLTAGE RATING (AC)","VOLTAGE RATING (DC)","WAVELENGTH","WEIGHT","WIDTH","WORKING VOLTAGE","SHEETPART","DESIGNATOR","DESCRIPTION"
"10118193-0001LF","10118193","","","","","","","","","","LDO","","","Black","10118193-0001LF","","","","","https://cdn.amphenol-icc.com/media/wysiwyg/files/documentation/datasheet/inputoutput/io_usb_micro.pdf?src-supplier=Arrow+Electronics","https://cdn.amphenol-icc.com/media/wysiwyg/files/documentation/datasheet/inputoutput/io_usb_micro.pdf?src-supplier=Arrow+Electronics","https://cdn.amphenol-icc.com/media/wysiwyg/files/documentation/datasheet/inputoutput/io_usb_micro.pdf?src-supplier=Onlinecomponents.com","https://cdn.amphenol-icc.com/media/wysiwyg/files/documentation/datasheet/inputoutput/io_usb_micro.pdf?src-supplier=Onlinecomponents.com","https://cdn.amphenol-icc.com/media/wysiwyg/files/documentation/datasheet/inputoutput/io_usb_micro.pdf?src-supplier=Verical","https://cdn.amphenol-icc.com/media/wysiwyg/files/documentation/datasheet/inputoutput/io_usb_micro.pdf?src-supplier=Verical","https://datasheet.octopart.com/10118193-0001LF-Amphenol-Communications-Solutions-datasheet-96019471.pdf?src-supplier=Element14","https://datasheet.octopart.com/10118193-0001LF-Amphenol-Communications-Solutions-datasheet-96019471.pdf?src-supplier=Element14","https://cdn.amphenol-icc.com/media/wysiwyg/files/documentation/datasheet/inputoutput/io_usb_micro.pdf?src-supplier=Avnet","https://cdn.amphenol-icc.com/media/wysiwyg/files/documentation/datasheet/inputoutput/io_usb_micro.pdf?src-supplier=Avnet","https://cdn.amphenol-icc.com/media/wysiwyg/files/documentation/datasheet/inputoutput/io_usb_micro.pdf?src-supplier=TTI","https://cdn.amphenol-icc.com/media/wysiwyg/files/documentation/datasheet/inputoutput/io_usb_micro.pdf?src-supplier=TTI","https://datasheet.octopart.com/10118193-0001LF-Amphenol-Communications-Solutions-datasheet-11792339.pdf?src-supplier=Electro+Sonic","https://datasheet.octopart.com/10118193-0001LF-Amphenol-Communications-Solutions-datasheet-11792339.pdf?src-supplier=Electro+Sonic","https://datasheet.octopart.com/10118193-0001LF-Amphenol-Communications-Solutions-datasheet-55953155.pdf?src-supplier=TME","https://datasheet.octopart.com/10118193-0001LF-Amphenol-Communications-Solutions-datasheet-55953155.pdf?src-supplier=TME","","","USB,Receptacle","","","","","Copper Alloy","","Gold","","","","","","1.8A","","","5.67mm","","","","","","","","","","Shielded","UL94 V-0","","","","","","Female","","","Polymer","","","","","","","1GR","","","","","7.86mm","","","","","","","","Amphenol ICC / FCI","10118193-0001LF","","","","","","85°C","","","","","","","","","","100V","","","","","","","","-55°C","","","Surface Mount,Horizontal","","","","","","5","","","","","","","","1","","","","","","","","","","","Right Angle","","","","","1200","Tape and Reel","","","5","0.65mm","","","","1=0.41, 10=0.351, 25=0.3288, 50=0.313, 100=0.2979, 250=0.27924, 500=0.2659 (USD)","","","No","","","","","","","","","","","","","No","","","-","","130789","Digikey","609-4616-1-ND","","","","","Solder","","","","","","","","","","100V","","","","","","","*","J?","FCI Right Angle Surface Mount Mount Female USB Connector; 100 V ac; 1.8A"
"1825910-6","1825910-6","","0.055inch","PBT","Standard","","","","","","Pushbutton Switches","","","46Colour","1825910-6","","","","","","","","","","","","","","","","","","","","","","","","","50mA","","","Copper Alloy","","Silver","","","","","","50mA","","","","","","","","","5681ELVCompliant","","","","","","","","","","","","","","","Non-Illuminated,Illuminated","","","","","","100MR","","5697LeadFree","","","5.99mm","","","","","","","","TE Connectivity Alcoswitch","1825910-6","","4261ConductorMaterial","50mA","","","85°C","","","","","","","","","","","24V","100000Cycles","","","","","","-35°C","","","Through Hole","","","","","","","","","","","","","","","2NUMBER","","","","","","","160gf","","","","","","","","","Loose Piece","","","","","","","","1=0.13, 10=0.118, 25=0.1112, 100=0.1001, 250=0.093, 750=0.08485, 1500=0.08009, 3000=0.07565, 5250=0.07234 (USD)","","","","","","Unknown","","","","","","","","","","Yes","Yes","","FSMJ","","34175","Digikey","450-1650-ND","Off-Mom","0.25mm","","","PC Pins","","","","SPST","","Switch","","","","","","","","","6mm","","*","SW?","Switch Tactile OFF (ON) SPST Round Button PC Pins 0.05A 24VDC 1.57N Thru-Hole Loose"
"4828-3004-CP","28-DIP_7.62mm_SOCKET","","","","","","","","","","Connectors","","","","28-DIP Socket","","","","","https://datasheet.ciiva.com/768/ts1099-768354.pdf?src-supplier=Digikey","https://datasheet.ciiva.com/768/ts1099-768354.pdf?src-supplier=Digikey","","","","","","","","","","","","","","","","","","","","","","","","","","","","","","","","","","","","","","","","","","","","","","","","","","","","","","","","","","","","","","","","","","","","","","","","","3M","4828-3004-CP","","","","","","","","","","","","","","","","","","","","","","","","","","","","","","","","","","","","","","","","","","","","","","","","","","","","","","","","","","","","","","","","","","1=0.96, 14=0.79786, 28=0.75929, 56=0.72304, 112=0.68848, 252=0.65016, 504=0.61911, 1008=0.58954, 2506=0.55285 (USD)","","","","","","","","","","","","","","","","Yes","","","","","5364","Digikey","3M5480-ND","","","","","","","","","","","","","","","","","","","","","","*","SCKT For U","Socket DIP 28Cnts DualWipe 0.3InSpc. PhosphorBronze Nickel KinkedTail 4800Series | 3M 4828-3004-CP"
"67997-106HLF","HDR_2X3_2.54mm","","","","","","","","","","Headers and Wire Housings","","","","HDR 2x3","https://cdn.amphenol-icc.com/media/wysiwyg/files/drawing/67996.pdf?src-supplier=TTI","https://cdn.amphenol-icc.com/media/wysiwyg/files/drawing/67996.pdf?src-supplier=TTI","https://cdn.amphenol-icc.com/media/wysiwyg/files/drawing/67996.pdf?src-supplier=Heilind+Electronics","https://cdn.amphenol-icc.com/media/wysiwyg/files/drawing/67996.pdf?src-supplier=Heilind+Electronics","http://uk.rs-online.com/webdocs/1450/0900766b81450b8b.pdf?src-supplier=Rs","http://uk.rs-online.com/webdocs/1450/0900766b81450b8b.pdf?src-supplier=Rs","https://datasheet.octopart.com/67997-106HLF-Areva-datasheet-118652.pdf?src-supplier=Digikey","https://datasheet.octopart.com/67997-106HLF-Areva-datasheet-118652.pdf?src-supplier=Digikey","https://datasheet.octopart.com/67997-106HLF-Amphenol-Communications-Solutions-datasheet-36854132.pdf?src-supplier=Farnell","https://datasheet.octopart.com/67997-106HLF-Amphenol-Communications-Solutions-datasheet-36854132.pdf?src-supplier=Farnell","https://cdn.amphenol-icc.com/media/wysiwyg/files/drawing/67996.pdf?src-supplier=Mouser","https://cdn.amphenol-icc.com/media/wysiwyg/files/drawing/67996.pdf?src-supplier=Mouser","https://cdn.amphenol-icc.com/media/wysiwyg/files/drawing/67996.pdf?src-supplier=Avnet","https://cdn.amphenol-icc.com/media/wysiwyg/files/drawing/67996.pdf?src-supplier=Avnet","http://components.arrow.com/part/dataview/41913658S7633350N8314?src-supplier=Arrow+Electronics","http://components.arrow.com/part/dataview/41913658S7633350N8314?src-supplier=Arrow+Electronics","https://cdn.amphenol-icc.com/media/wysiwyg/files/drawing/67996.pdf?src-supplier=Onlinecomponents.com","https://cdn.amphenol-icc.com/media/wysiwyg/files/drawing/67996.pdf?src-supplier=Onlinecomponents.com","http://www.farnell.com/datasheets/1876884.pdf?src-supplier=Newark","http://www.farnell.com/datasheets/1876884.pdf?src-supplier=Newark","https://cdn.amphenol-icc.com/media/wysiwyg/files/drawing/67996.pdf?src-supplier=Allied+Electronics","https://cdn.amphenol-icc.com/media/wysiwyg/files/drawing/67996.pdf?src-supplier=Allied+Electronics","","","","","","","","","","","","","","","","","","","","","","","","","","","","","","","","","","","","","","","","","","","","","","","","","","","","","","","","","Amphenol ICC / FCI","67997-106HLF","","","","","","","","","","","","","","","","","","","","","","","","","","","","","","","","","","","","","","","","","","","","","","","","","","","","","","","","","","","","","","","","","","1=0.54, 10=0.462, 400=0.3562, 800=0.33919, 1200=0.32961, 5200=0.29721, 10000=0.28381 (USD)","","","","","","","","","","","","","","","","No","","","","","4784","Digikey","609-3393-ND","","","","","","","","","","","","","","","","","","","","","","*","J?","Conn Unshrouded Header HDR 6 POS 2.54mm Solder ST Top Entry Thru-Hole BergStik® Bulk"
"68000-103HLF","Hdr_1x3_2.54mm","","","","","","","","","","Headers and Wire Housings","","","","HDR 1x3","","","","","https://datasheet.ciiva.com/46392/1914865-46392021.pdf?src-supplier=Element14","https://datasheet.ciiva.com/46392/1914865-46392021.pdf?src-supplier=Element14","","","","","","","","","","","","","","","","","","","","","","","","","","","","","","","","","","","","","","","","","","","","","","","","","","","","","","","","","","","","","","","","","","","","","","","","","Amphenol ICC / FCI","68000-103HLF","","","","","","","","","","","","","","","","","","","","","","","","","","","","","","","","","","","","","","","","","","","","","","","","","","","","","","","","","","","","","","","","","","1=0.3, 10=0.251, 100=0.2132, 500=0.19026, 1000=0.18116, 5000=0.1617, 10000=0.15399 (USD)","","","","","","","","","","","","","","","","No","","","","","13111","Digikey","609-3461-ND","","","","","","","","","","","","","","","","","","","","","","*","JP?","Conn Unshrouded Header HDR 3 POS 2.54mm Solder ST Top Entry Thru-Hole BergStik® Automotive Bulk"
"68001-204HLF","HDR_1x4_2.54mm","","","","","","","","","","Headers and Wire Housings","","","Black","HDR 1x4","https://cdn.amphenol-icc.com/media/wysiwyg/files/drawing/68000.pdf?src-supplier=Heilind+Electronics","https://cdn.amphenol-icc.com/media/wysiwyg/files/drawing/68000.pdf?src-supplier=Heilind+Electronics","https://datasheet.octopart.com/68001-204HLF-Amphenol-Communications-Solutions-datasheet-154727322.pdf?src-supplier=Master+Electronics","https://datasheet.octopart.com/68001-204HLF-Amphenol-Communications-Solutions-datasheet-154727322.pdf?src-supplier=Master+Electronics","http://uk.rs-online.com/webdocs/1450/0900766b81450c68.pdf?src-supplier=Rs","http://uk.rs-online.com/webdocs/1450/0900766b81450c68.pdf?src-supplier=Rs","http://components.arrow.com/part/dataview/42735081S8853857N8314?src-supplier=Arrow+Electronics","http://components.arrow.com/part/dataview/42735081S8853857N8314?src-supplier=Arrow+Electronics","https://cdn.amphenol-icc.com/media/wysiwyg/files/drawing/68000.pdf?src-supplier=Avnet","https://cdn.amphenol-icc.com/media/wysiwyg/files/drawing/68000.pdf?src-supplier=Avnet","https://cdn.amphenol-icc.com/media/wysiwyg/files/drawing/68000.pdf?src-supplier=Allied+Electronics","https://cdn.amphenol-icc.com/media/wysiwyg/files/drawing/68000.pdf?src-supplier=Allied+Electronics","https://datasheet.octopart.com/68001-204HLF-Amphenol-Communications-Solutions-datasheet-100449246.pdf?src-supplier=Future+Electronics","https://datasheet.octopart.com/68001-204HLF-Amphenol-Communications-Solutions-datasheet-100449246.pdf?src-supplier=Future+Electronics","https://cdn.amphenol-icc.com/media/wysiwyg/files/drawing/68000.pdf?src-supplier=Digikey","https://cdn.amphenol-icc.com/media/wysiwyg/files/drawing/68000.pdf?src-supplier=Digikey","https://datasheet.octopart.com/68001-204HLF-Amphenol-Communications-Solutions-datasheet-41232361.pdf?src-supplier=Element14","https://datasheet.octopart.com/68001-204HLF-Amphenol-Communications-Solutions-datasheet-41232361.pdf?src-supplier=Element14","https://cdn.amphenol-icc.com/media/wysiwyg/files/drawing/68000.pdf?src-supplier=Mouser","https://cdn.amphenol-icc.com/media/wysiwyg/files/drawing/68000.pdf?src-supplier=Mouser","https://cdn.amphenol-icc.com/media/wysiwyg/files/drawing/68000.pdf?src-supplier=TTI","https://cdn.amphenol-icc.com/media/wysiwyg/files/drawing/68000.pdf?src-supplier=TTI","","","","","Male","Bronze","0.23inch","Gold,GXT","3.05mm","","Male Pin","","","3A","","","","","","","","","","","","","","UL94 V-0","","","","","","","","","Thermoplastic","","","","","","","5GR","","","","","","","","","","","","","Amphenol ICC / FCI","68001-204HLF","","","","","","125°C","","","","","","","","","","","","","","","","","","-65°C","","","Through Hole","","","","","","4","","","","","","","","","4","","","1","","","","","","","Straight","","","","","100","Bulk","","","","2.54mm","","","","1=0.47, 10=0.401, 100=0.3406, 500=0.30394, 1000=0.28942, 5000=0.25834, 10000=0.24602 (USD)","","","No","","","","","","","","","","","","","No","","","BERGSTIK® II, MezzSelect™, Basics+","","2500","Digikey","609-3402-ND","","","","","Solder","","","","","","","","","","1.5kV","","","","","","","*","JP?","Conn Unshrouded Header HDR 4 POS 2.54mm Solder ST Thru-Hole Bag"
"68602-204HLF","HDR_2X2_2.54MM","","","","","","","","","","","","","","HDR 2x2","","","","","","","","","","","","","","","","","","","","","","","","","","","","","","","","","","","","","","","","","","","","","","","","","","","","","","","","","","","","","","","","","","","","","","","","","","","","","","","AMPHENOL ICC (FCI)","68602-204HLF","","","","","","","","","","","","","","","","","","","","","","","","","","","","","","","","","","","","","","","","","","","","","","","","","","","","","","","","","","","","","","","","","","","","","","","","","","","","","","","","","","No","","","","","","Digikey","609-3369-ND","","","","","","","","","","","","","","","","","","","","","","*","J?","Conn Unshrouded Header HDR 4 POS 2.54mm Solder ST Top Entry Thru-Hole BergStik® Bulk"
"ABM7-10.000MHZ-D2Y-T","ABM7_v1_1_big","","","","","","","","","","Crystals","","","","ABM7-10.000MHZ-D2Y-T","","","","","https://datasheet.ciiva.com/16397/abm7-16397372.pdf?src-supplier=Future+Electronics","https://datasheet.ciiva.com/16397/abm7-16397372.pdf?src-supplier=Future+Electronics","","","","","","","","","","","","","","","","","","","","","","","","","","","","","","","","","","","","","","","","","","","","","","","","","","","1.4mm","","","","","","","","","","","","","","6mm","","","","","","","","Abracon","ABM7-10.000MHZ-D2Y-T","","","","","","","","","","","","","","","","","","","","","","","","","","","","","","","","","","","","","","","","","","","","","","","","","","","","","","","","","","","","","","","","","","1=0.66, 10=0.573, 50=0.5196, 100=0.4981, 500=0.45152, 1000=0.34158, 2000=0.32842, 3000=0.32703 (USD)","","","","","","","","","","","","","","","","Yes","","","","","28208","Digikey","535-9833-1-ND","","","","","","","","","","0.002%","","","","","","","","","","3.5mm","","*","Y?","Crystal 10MHz ±20ppm (Tol) ±30ppm (Stability) 18pF FUND 80Ohm 2-Pin Mini-CSMD T/R"
"ABM7-16.000MHZ-D2Y-T","ABM7_v1_1_big","","","","","","","","","CSMD","Crystals","","","","ABM7-16.000MHZ-D2Y-T","https://datasheet.ciiva.com/26941/getdatasheetpartid-719818-26941724.pdf?src-supplier=Verical","https://datasheet.ciiva.com/26941/getdatasheetpartid-719818-26941724.pdf?src-supplier=Verical","","","https://datasheet.ciiva.com/15116/getdatasheetpartid-721624-15116835.pdf?src-supplier=Verical","https://datasheet.ciiva.com/15116/getdatasheetpartid-721624-15116835.pdf?src-supplier=Verical","https://datasheet.ciiva.com/5788/abm7-5788054.pdf?src-supplier=Farnell","https://datasheet.ciiva.com/5788/abm7-5788054.pdf?src-supplier=Farnell","https://datasheet.ciiva.com/7998/947971-7998600.pdf?src-supplier=Element14","https://datasheet.ciiva.com/7998/947971-7998600.pdf?src-supplier=Element14","https://datasheet.ciiva.com/22658/947971-22658293.pdf?src-supplier=Element14","https://datasheet.ciiva.com/22658/947971-22658293.pdf?src-supplier=Element14","https://datasheet.ciiva.com/46385/947971-46385243.pdf?src-supplier=Element14","https://datasheet.ciiva.com/46385/947971-46385243.pdf?src-supplier=Element14","https://datasheet.ciiva.com/18649/abm7-18649866.pdf?src-supplier=Digikey","https://datasheet.ciiva.com/18649/abm7-18649866.pdf?src-supplier=Digikey","https://datasheet.ciiva.com/18649/abm7-18649865.pdf?src-supplier=Digikey","https://datasheet.ciiva.com/18649/abm7-18649865.pdf?src-supplier=Digikey","https://datasheet.ciiva.com/18649/abm7-18649867.pdf?src-supplier=Digikey","https://datasheet.ciiva.com/18649/abm7-18649867.pdf?src-supplier=Digikey","https://datasheet.ciiva.com/16383/abm7-16383174.pdf?src-supplier=Future+Electronics","https://datasheet.ciiva.com/16383/abm7-16383174.pdf?src-supplier=Future+Electronics","","","","","","","","","","","","","","","","","3.5mm","","","","","","","","50R","","","","","","16MHz","30ppm","20ppm","","1.4mm","","","","","","","","","","","Lead Free","","","6mm","","","","18pF","","","","Abracon","ABM7-16.000MHZ-D2Y-T","","","","","","85°C","","","","","","","","","","","","","","","","","","-40°C","","","Surface Mount","","","","","","","","","","","","","","","","","","","","","","","16 MHz","","","","","","","1000","Tape and Reel","","","2","","","","","1=0.66, 10=0.573, 50=0.5196, 100=0.4981, 500=0.45152 (USD)","","","","","","Unknown","","","","","","","","","","Yes","","","ABM7","","27866","Digikey","535-9840-1-ND","","","","","SMD/SMT","","","","","20ppm","","","","","","","","","","3.3mm","","*","Y?","Crystal 16MHz ±20ppm (Tol) ±30ppm (Stability) 18pF FUND 50Ohm 2-Pin Mini-CSMD T/R"
"ABM7-8.000MHZ-D2Y-T","ABM7_v1_1_big","","","","","","","","","","Crystals","","","","ABM7-8.000MHZ-D2Y-T","","","","","https://datasheet.ciiva.com/15116/getdatasheetpartid-722403-15116844.pdf?src-supplier=Verical","https://datasheet.ciiva.com/15116/getdatasheetpartid-722403-15116844.pdf?src-supplier=Verical","https://datasheet.ciiva.com/1357/1718755-1357277.pdf?src-supplier=Element14","https://datasheet.ciiva.com/1357/1718755-1357277.pdf?src-supplier=Element14","https://datasheet.ciiva.com/16416/abm7-16416924.pdf?src-supplier=Future+Electronics","https://datasheet.ciiva.com/16416/abm7-16416924.pdf?src-supplier=Future+Electronics","https://datasheet.ciiva.com/4944/abm7-19096-4944987.pdf?src-supplier=Mouser","https://datasheet.ciiva.com/4944/abm7-19096-4944987.pdf?src-supplier=Mouser","https://datasheet.ciiva.com/29998/abm7-29998171.pdf?src-supplier=Avnet","https://datasheet.ciiva.com/29998/abm7-29998171.pdf?src-supplier=Avnet","","","","","","","","","","","","","","","","","","","","","","","","","","","","","","","","","","","","","","","","","","","","","","","","","","","","","","5697LeadFree","","","","","","","","","","","Abracon","ABM7-8.000MHZ-D2Y-T","","","","","","","","","","","","","","","","","","","","","","","","","","","","","","","","","","","","","","","","","","","","","","","","","","","","","","","","","","","","","","","","","","1=0.66, 10=0.573, 50=0.5196, 100=0.4981, 500=0.45152 (USD)","","","","","","","","","","","","","","","","Yes","","","","","47881","Digikey","535-9831-1-ND","","","","","","","","","","","","","","","","","","","","","","*","Y?","Crystal 8MHz ±20ppm (Tol) ±30ppm (Stability) 18pF FUND 100Ohm 2-Pin Mini-CSMD T/R"
"APT1608LZGCK","LED_0603","","","","","","","0603","1608","0603","LEDs","","","Green","Green","","","","","http://www.mouser.com/ds/2/216/APT1608LZGCK-535830.pdf?src-supplier=Mouser","http://www.mouser.com/ds/2/216/APT1608LZGCK-535830.pdf?src-supplier=Mouser","http://www.kingbrightusa.com/images/catalog/SPEC/APT1608LZGCK.pdf?src-supplier=Digikey","http://www.kingbrightusa.com/images/catalog/SPEC/APT1608LZGCK.pdf?src-supplier=Digikey","","","","","","","","","","","","","","","","","","","","","","","","","","","","","","","","","","","525nm","","","","","","","","2mA","2.65V","","","","","0.75mm","","","","","","","","","","","","","","1.6mm","Colorless","Clear","","","","","50mcd","Kingbright","APT1608LZGCK","","","","","","85°C","","","","","","","","","","","","","","","","","","-40°C","","","Surface Mount","","","","","","","","","","","","","","","","","","","","","","","","","","","","","","","Cut Tape","","","","","","102.5mW","","1=0.56, 10=0.385, 100=0.2776, 500=0.2292, 1000=0.2133 (USD)","","","","","","","","","","","","5V","","","","Yes","Yes","","HELI2","","138849","Digikey","754-1934-1-ND","","","","","","2mA","","","","","","","120°","","","","","525nm","","0.8mm","","*","D?","Green 525nm LED Indication - Discrete 2.65V 0603 (1608 Metric)"
"ATMEGA16U2-AU","TQFP32","","","","","","","","","A","Microcontrollers","","16MHz","","ATMEGA16U2-AU-ND","","","","","https://datasheet.ciiva.com/13036/doc7799-28769-13036800.pdf?src-supplier=Mouser","https://datasheet.ciiva.com/13036/doc7799-28769-13036800.pdf?src-supplier=Mouser","https://datasheet.ciiva.com/22651/doc7799-22651110.pdf?src-supplier=Farnell","https://datasheet.ciiva.com/22651/doc7799-22651110.pdf?src-supplier=Farnell","","","","","","","","","","","","","","","","","","","","","","","","","","AVR","","","8b","","","","","","","","","","","","","","","","16MHz","","","","1mm","","","","","","","","","","SPI,UART,USB,USART,Serial","Lead Free","","","7mm","","","","","","","","Microchip","ATMEGA16U2-AU","","","","","","85°C","","","","","","","","5.5V","","","","","FLASH","16KB","","","","-40°C","","2.7V","Surface Mount","","","","","","","","","22","","","","","","","5","","","1","","2","","","","","Internal","","","","250","Tray","","Brown-out Detect/Reset,POR,PWM,WDT","32","","","","","1=3.24, 25=2.97, 100=2.7 (USD)","","","","512B","","No","","","","","","","","","","Yes","Yes","","ATmega16U2","","30250","Digikey","ATMEGA16U2-AU-ND","","","","","","","","","","","","","","","","","","","0.002568oz","7mm","","*","U?","Risc Microcontroller, 8-BIT, Flash, AVR Risc Cpu, 16MHZ, Cmos, PQFP32"
"ATMEGA328P-PU","28_DIP_7.62mm","","","","","","","","","PDIP","","","20MHz","","ATMEGA328P-PU","","","","","https://datasheet.ciiva.com/19457/2139111-19457070.pdf?src-supplier=Jameco","https://datasheet.ciiva.com/19457/2139111-19457070.pdf?src-supplier=Jameco","https://datasheet.ciiva.com/1157/1684409-1157696.pdf?src-supplier=Element14","https://datasheet.ciiva.com/1157/1684409-1157696.pdf?src-supplier=Element14","https://datasheet.ciiva.com/29119/155197-da-01-en-microcontr-atmega328p-pu-8bit-pdip-28-29119593.pdf?src-supplier=Conrad","https://datasheet.ciiva.com/29119/155197-da-01-en-microcontr-atmega328p-pu-8bit-pdip-28-29119593.pdf?src-supplier=Conrad","https://datasheet.ciiva.com/15213/getdatasheetpartid-318533-15213133.pdf?src-supplier=Verical","https://datasheet.ciiva.com/15213/getdatasheetpartid-318533-15213133.pdf?src-supplier=Verical","","","","","","","","","","","","","","","","","","","","","","AVR","","","8b","","","","","","","","","","","","","","","","20MHz","","","","4.57mm","","","","","","","","","","I2C,SPI,USART,UART,2-Wire","5697LeadFree","","","34.8mm","","","","","","","","Microchip","ATMEGA328P-PU","","","","","","85°C","","","","","","","","5.5V","","","","","FLASH","32KB","","","","-40°C","","1.8V","Through Hole","","6","","","","","","","23","1","","","","","","6","","","1","","3","","","","","Internal","","","","14","Rail/Tube","","Brown-out Detect/Reset,POR,PWM,WDT","28","","","","","1=2.89, 25=2.65, 100=2.39 (USD)","","","No","2KB","","No","","","","","","","","","","Yes","Yes","","ATmega328P","","88034","Digikey","ATMEGA328P-PU-ND","","","","","","","","","","","","","","","","","","","0.077603oz","7.49mm","","*","U?","Microchip - ATMEGA328P-PU - Microcontroller Mcu, 8 Bit, Atmega, 20MHZ, DIP-28"
"BAT54HT1G","SOD323","","","","","200mA","30V","","","","Schottky Diodes","","","","BAT54HT1G","","","","","https://datasheet.ciiva.com/4452/bat54ht1g-104602-4452889.pdf?src-supplier=Mouser","https://datasheet.ciiva.com/4452/bat54ht1g-104602-4452889.pdf?src-supplier=Mouser","https://datasheet.ciiva.com/30479/0900766b811a63a9-30479442.pdf?src-supplier=Rs","https://datasheet.ciiva.com/30479/0900766b811a63a9-30479442.pdf?src-supplier=Rs","https://datasheet.ciiva.com/34301/806549-34301562.pdf?src-supplier=Jameco","https://datasheet.ciiva.com/34301/806549-34301562.pdf?src-supplier=Jameco","https://datasheet.ciiva.com/1240/1747983-1240762.pdf?src-supplier=Newark","https://datasheet.ciiva.com/1240/1747983-1240762.pdf?src-supplier=Newark","https://datasheet.ciiva.com/4714/bat54ht1-d-72881-4714706.pdf?src-supplier=Mouser","https://datasheet.ciiva.com/4714/bat54ht1-d-72881-4714706.pdf?src-supplier=Mouser","https://datasheet.ciiva.com/1180/bat54ht1-d-1180251.pdf?src-supplier=Element14","https://datasheet.ciiva.com/1180/bat54ht1-d-1180251.pdf?src-supplier=Element14","https://datasheet.ciiva.com/1180/bat54ht1-d-1180252.pdf?src-supplier=Element14","https://datasheet.ciiva.com/1180/bat54ht1-d-1180252.pdf?src-supplier=Element14","https://datasheet.ciiva.com/46429/1727620-46429206.pdf?src-supplier=Element14","https://datasheet.ciiva.com/46429/1727620-46429206.pdf?src-supplier=Element14","https://datasheet.ciiva.com/48686/001262925-da-01-en-diode-schottky-30v-bat54ht1g-sod-323-fsc-48686266.pdf?src-supplier=Conrad","https://datasheet.ciiva.com/48686/001262925-da-01-en-diode-schottky-30v-bat54ht1g-sod-323-fsc-48686266.pdf?src-supplier=Conrad","","","","","","","","Tin,Matte","","","","","","200mA","","","","","","","","","","","","","","","200mA","800mV","","","","","1mm","","","","","","","","","","","Lead Free","","","1.8mm","","","","","","","","ON Semiconductor / Fairchild","BAT54HT1G","","","","","600mA","150°C","","","","30V","2uA","2uA","30V","","600mA","","","","","","","","","-55°C","","","Surface Mount","","","","","","","","","","","","","","","","","","","","","","","","","","","200mA","","","1","Tape and Reel","600mA","","2","","4901Direction","200mW","","1=0.12, 10=0.072, 100=0.0554, 500=0.04014, 1000=0.03517 (USD)","","","No","","","No","5ns","","","5ns","5ns","30V","","","","Yes","Yes","","-","","15","Digikey","BAT54HT1GOSCT-ND","","","","","","","","","","","","10pF","","","","","30V","","","1.35mm","","*","D?","Small Signal Schottky Diode, Single, 30 V, 200 Ma, 800 Mv, 600 Ma, 150 C"
"C0805C180J5GACTU","C0805 - 1.45Height","","","","","","","0805","2012","0805","Ceramic Capacitors","","","","18p","","","","","https://datasheet.ciiva.com/26923/getdatasheetpartid-759702-26923980.pdf?src-supplier=Verical","https://datasheet.ciiva.com/26923/getdatasheetpartid-759702-26923980.pdf?src-supplier=Verical","","","","","","","","","","","","","","","","","","Flat","","","","","","","","","","","","","","","1.25mm","","C0G","0.1%","","","","","","","","","","","","","","","0.78mm","","","","","","","","","","","5697LeadFree","0.75mm","","2mm","","","","","","","","KEMET","C0805C180J5GACTU","","4241ConductorMaterial","","","","125°C","","","","","","","","","","","","","","","","","","-55°C","","","Surface Mount,PCB","","","","","","","","","","","","","","","","","","","","","","","","","","","","","","1","Tape and Reel","","","2","","","","","1=0.11, 10=0.06, 100=0.0358, 1000=0.0235 (USD)","","","No","","","No","","","","","","","","","","Yes","Yes","","C","","46876","Digikey","399-C0805C180J5GACTUCT-ND","","","","","SMD/SMT","","","0.035inch","","5%","","18pF","","50V","50V","50V","50V","","","0.049inch","","*","C?","SMD Comm C0G 0805 (2012Metric) Ceramic Capacitor 0.079Lx0.049W 2.00mmx1.25mm C0G NP0 ±5% 18pF"
"C2012X5R1E105K125AA","C0805 - 1.45Height","","","","","","","","","","Ceramic Capacitors","","","","1uF / 25V","","","","","https://datasheet.ciiva.com/11787/0900766b80c1bb00-11787608.pdf?src-supplier=Rs","https://datasheet.ciiva.com/11787/0900766b80c1bb00-11787608.pdf?src-supplier=Rs","https://datasheet.ciiva.com/16449/e412-c-16449595.pdf?src-supplier=Future+Electronics","https://datasheet.ciiva.com/16449/e412-c-16449595.pdf?src-supplier=Future+Electronics","https://datasheet.ciiva.com/15192/getdatasheetpartid-726707-15192140.pdf?src-supplier=Verical","https://datasheet.ciiva.com/15192/getdatasheetpartid-726707-15192140.pdf?src-supplier=Verical","https://datasheet.ciiva.com/28602/1744655-28602171.pdf?src-supplier=Element14","https://datasheet.ciiva.com/28602/1744655-28602171.pdf?src-supplier=Element14","","","","","","","","","","","","","","","","","","","","","","","","","","","","","","","","","","","","","","","","","","","","","","","","","","","","","","","","","","","","","","","","","","","TDK","C2012X5R1E105K125AA","","","","","","","","","","","","","","","","","","","","","","","","","","","","","","","","","","","","","","","","","","","","","","","","","","","","","","","","","","","","","","","","","","1=0.19, 10=0.106, 100=0.0662, 1000=0.04546 (USD)","","","","","","","","","","","","","","","","Yes","","","","","44032","Digikey","445-1419-1-ND","","","","","","","","","","","","","","","","","","","","","","*","C?","CAP CER 1UF 25V X5R 0805"
"C2012X7R1H104K085AA","C0805","","","","","","","0805","2012","0805","Ceramic Capacitors","","","","100n","","","","","https://datasheet.ciiva.com/11788/0900766b80c1bb00-11788128.pdf?src-supplier=Rs","https://datasheet.ciiva.com/11788/0900766b80c1bb00-11788128.pdf?src-supplier=Rs","https://datasheet.ciiva.com/6250/tdkmlcccaprange-6250821.pdf?src-supplier=Digikey","https://datasheet.ciiva.com/6250/tdkmlcccaprange-6250821.pdf?src-supplier=Digikey","https://datasheet.ciiva.com/6250/tdkmlcccaprange-6250824.pdf?src-supplier=Digikey","https://datasheet.ciiva.com/6250/tdkmlcccaprange-6250824.pdf?src-supplier=Digikey","https://datasheet.ciiva.com/23803/1796654-23803035.pdf?src-supplier=Newark","https://datasheet.ciiva.com/23803/1796654-23803035.pdf?src-supplier=Newark","https://datasheet.ciiva.com/28602/1571323-28602204.pdf?src-supplier=Element14","https://datasheet.ciiva.com/28602/1571323-28602204.pdf?src-supplier=Element14","https://datasheet.ciiva.com/24191/e412-c-24191447.pdf?src-supplier=Future+Electronics","https://datasheet.ciiva.com/24191/e412-c-24191447.pdf?src-supplier=Future+Electronics","","","","","","","","","","","","","","","","","","","","","","","1.25mm","","X7R","","","","","","","","","","","","","","","","0.85mm","","","","","","","","","","","Lead Free","","","2mm","","","","","","","","TDK","C2012X7R1H104K085AA","","","","","","125°C","","","","","","","","","","","","","","","","","","-55°C","","","Surface Mount","","","","","","","","","","","","","","","","","","","","","","","","","","","","","","1","Tape and Reel","","","2","","","","","1=0.13, 10=0.071, 50=0.0492, 100=0.0424, 500=0.03106, 1000=0.02754 (USD)","","","","","","No","","","","","","","","","","Yes","Yes","","C","","1425374","Digikey","445-7534-1-ND","","","","","SMD/SMT","","","0.037inch","","10%","","100nF","","50V","50V","","","","","0.049inch","","*","C?","Multilayer Ceramic Capacitor, 0.1 uF, 50 V, ± 10%, X7R, 0805 [2012 Metric]"
"CG0603MLC-05E","R0603","","","","","","","0603","1608","0603","Varistors","20V","","","CG0603MLC-05E","","","","","https://datasheet.ciiva.com/27747/1163231-27747629.pdf?src-supplier=Jameco","https://datasheet.ciiva.com/27747/1163231-27747629.pdf?src-supplier=Jameco","https://datasheet.ciiva.com/8084/mlc-8084047.pdf?src-supplier=Avnet","https://datasheet.ciiva.com/8084/mlc-8084047.pdf?src-supplier=Avnet","https://datasheet.ciiva.com/6991/mlc-6991834.pdf?src-supplier=Digikey","https://datasheet.ciiva.com/6991/mlc-6991834.pdf?src-supplier=Digikey","https://datasheet.ciiva.com/6991/mlc-6991836.pdf?src-supplier=Digikey","https://datasheet.ciiva.com/6991/mlc-6991836.pdf?src-supplier=Digikey","https://datasheet.ciiva.com/6991/mlc-6991832.pdf?src-supplier=Digikey","https://datasheet.ciiva.com/6991/mlc-6991832.pdf?src-supplier=Digikey","","","","","","","","","","","","","","","","Tin","","","","","","50nA","","","0.8mm","","","","","","","","","","","","","","","","","","","","","","","","","","","","","","","50nA","1.6mm","","","","","","","","Bourns","CG0603MLC-05E","","","","","","85°C","","","","","","","","","","","5V","","","","","","","-40°C","","","","","","","1","1","","","","","","","","","","","","","","","","","","","5V","","","","","","1","Tape and Reel","","","2","","","","","1=0.25, 10=0.169, 25=0.15, 100=0.1283, 250=0.11804, 500=0.11182, 1000=0.10671, 2500=0.10132 (USD)","","","No","","","No","","","","","","","","","","Yes","Yes","","MLC","","26693","Digikey","CG0603MLC-05ECT-ND","","","","","SMD/SMT","","","0.8mm","","","","0.5pF","","5V","","8V","5V","","","0.8mm","5V","*","Z?","ESD Suppressor Multilayer Varistor 5V Automotive 2-Pin Case 0603(1608Metric) T/R"
"CGA4J1X5R1C106M125AC","C0805 - 1.45Height","","","","","","","","","","Ceramic Capacitors","","","","10uF / 16V","","","","","http://product.tdk.com/en/catalog/datasheets/mlcc_automotive_general_en.pdf?src-supplier=Avnet","http://product.tdk.com/en/catalog/datasheets/mlcc_automotive_general_en.pdf?src-supplier=Avnet","http://product.tdk.com/capacitor/mlcc/detailed_information.php?lang=en&ref=jp&part_no=CGA4J1X5R1C106M125AC&src-supplier=Mouser","http://product.tdk.com/capacitor/mlcc/detailed_information.php?lang=en&ref=jp&part_no=CGA4J1X5R1C106M125AC&src-supplier=Mouser","https://product.tdk.com/info/en/catalog/datasheets/mlcc_automotive_general_en.pdf?src-supplier=Digikey","https://product.tdk.com/info/en/catalog/datasheets/mlcc_automotive_general_en.pdf?src-supplier=Digikey","https://product.tdk.com/info/en/documents/chara_sheet/CGA4J1X5R1C106M125AC.pdf?src-supplier=Digikey","https://product.tdk.com/info/en/documents/chara_sheet/CGA4J1X5R1C106M125AC.pdf?src-supplier=Digikey","","","","","","","","","","","","","","","","","","","","","","","","","","","","","","","","","","","","","","","","","","","","","","","","","","","","","","","","5697LeadFree","","","","","","","","","","","TDK","CGA4J1X5R1C106M125AC","","4241ConductorMaterial","","","","","","","","","","","","","","","","","","","","","","","","","","","","","","","","","","","","","","","","","","","","","","","","","","","","","","","","","","","","","","","","1=0.41, 10=0.249, 100=0.1647, 1000=0.12091 (USD)","","","","","","","","","","","","","","","","Yes","","","","","406288","Digikey","445-12654-1-ND","","","","","","","","","","","","","","","","","","","","","","*","C?","Multilayer Ceramic Capacitor, 10 uF, 16 V, ± 20%, X5R, 0805 [2012 Metric]"
"CSL1901DW1","LED_0603","","","","","","","","","","LEDs","","","","Orange","","","","","","","","","","","","","","","","","","","","","","","","","","","","","","","","","","","","","","","","","","","","","","","","","","","","","","","","","","","","","","","","","","","","","","","","","","","","","","","Rohm","CSL1901DW1","","","","","","","","","","","","","","","","","","","","","","","","","","","","","","","","","","","","","","","","","","","","","","","","","","","","","","","","","","","","","","","","","","1=0.41, 10=0.278, 100=0.1982, 500=0.16192, 1000=0.14996 (USD)","","","","","","","","","","","","","","","","No","","","","","3254","Digikey","846-CSL1901DW1CT-ND","","","","","","","","","","","","","","","","","","","","","","*","D?","LED Uni-Color Orange 2-Pin Chip 0603(1608Metric) T/R"
"Component_1","","","","","","","","","","","","","","","*","","","","","","","","","","","","","","","","","","","","","","","","","","","","","","","","","","","","","","","","","","","","","","","","","","","","","","","","","","","","","","","","","","","","","","","","","","","","","","","","","","","","","","","","","","","","","","","","","","","","","","","","","","","","","","","","","","","","","","","","","","","","","","","","","","","","","","","","","","","","","","","","","","","","","","","","","","","","","","","","","","","","","","","","","","","","","","","","","","","","","","","","","","","","","","","*","*",""
"DFE201610P-2R2M=P2","2016_IND","","","","","","","0806","2016","0806","Fixed Inductors","","","","2U2 / 2A","","","","","http://farnell.com//datasheets/2550119.pdf?src-supplier=Farnell","http://farnell.com//datasheets/2550119.pdf?src-supplier=Farnell","https://www.murata.com/~/media/webrenewal/products/inductor/chip/tokoproducts/wirewoundmetalalloychiptype/m_dfe201610p.ashx?src-supplier=Digikey","https://www.murata.com/~/media/webrenewal/products/inductor/chip/tokoproducts/wirewoundmetalalloychiptype/m_dfe201610p.ashx?src-supplier=Digikey","","","","","","","","","","","","","","","","","","","","","","","","","","","Ferrite","2A","","168mR","","","","","","","","168mR","","","","","","","","","","","1mm","0.039inch","","","","20%","","","","","","","","","0.079inch","","","","","","","","Murata","DFE201610P-2R2M=P2","","","","","","125°C","","","","","","","","","","","","","","","","","","-40°C","","","Surface Mount","","","","","","","","","","","","","","","","","","","","","","","","","","","","","","","Cut Tape","","","","","","","","1=0.21, 10=0.177, 100=0.1454, 1000=0.11957 (USD)","","","","","","","","","","","","","","","1.4A","Yes","Yes","2A","DFE201610P","Shielded","4993","Digikey","490-10609-1-ND","","","","","","","1MHz","","","20%","","2.2uH","","","","","","","","0.063inch","","*","L?","Inductor Power Shielded Wirewound 2.2uH 20% 1MHz Metal 1.4A 0.168Ohm DCR 0806 T/R"
"EEE-1AA101WR","C_ALU_C_SIZE","","","","","","","","","Radial","Aluminum Electrolytic Capacitors","","","","100u / 10V","","","","","https://datasheet.ciiva.com/26945/getdatasheetpartid-169213-26945071.pdf?src-supplier=Verical","https://datasheet.ciiva.com/26945/getdatasheetpartid-169213-26945071.pdf?src-supplier=Verical","https://datasheet.ciiva.com/24027/aba0000ce2-40801-24027541.pdf?src-supplier=Mouser","https://datasheet.ciiva.com/24027/aba0000ce2-40801-24027541.pdf?src-supplier=Mouser","https://datasheet.ciiva.com/14598/70255710-14598233.pdf?src-supplier=Allied+Electronics","https://datasheet.ciiva.com/14598/70255710-14598233.pdf?src-supplier=Allied+Electronics","https://datasheet.ciiva.com/14605/70255710-14605689.pdf?src-supplier=Allied+Electronics","https://datasheet.ciiva.com/14605/70255710-14605689.pdf?src-supplier=Allied+Electronics","https://datasheet.ciiva.com/11673/aba0000ce2-11673882.pdf?src-supplier=Avnet","https://datasheet.ciiva.com/11673/aba0000ce2-11673882.pdf?src-supplier=Avnet","https://datasheet.ciiva.com/16427/aba0000ce2-16427544.pdf?src-supplier=Future+Electronics","https://datasheet.ciiva.com/16427/aba0000ce2-16427544.pdf?src-supplier=Future+Electronics","","","","","","","","Cylindrical","","","","","","","","","","","","","","","","5mm","","30%","","","","","","","","","","","","","","","5.4mm","","","","","","","","","","","Lead Free","","10uA","5.5mm","","","1000Hour","","","","","Panasonic","EEE-1AA101WR","","","","","","85°C","","","","","","","","","","","","","","","","","","-40°C","","","Surface Mount,PCB","","","","","","","","","","","","","","","","","","","","","","","","","","","","","","1000","Tape and Reel","","","","","","","","1=0.36, 10=0.22, 50=0.1606, 100=0.1419, 500=0.10952 (USD)","","","No","","AEC-Q200","Unknown","","","","","","","50mA","50mA","","Yes","Yes","","S","","38374","Digikey","PCE3867CT-ND","","","","","SMD/SMT","","","","","20%","","100uF","","","10V","","10V","","","","","*","C?","Aluminum Electrolytic Capacitor, 100 uF, 10 V, ± 20%, 1000 hours @ 85°C, Radial Can - SMD"
"FID_1MMC","FID_40x120D","","","","","","","","","","","","","","FID_1MMC","","","","","","","","","","","","","","","","","","","","","","","","","","","","","","","","","","","","","","","","","","","","","","","","","","","","","","","","","","","","","","","","","","","","","","","","","","","","","","","","","","","","","","","","","","","","","","","","","","","","","","","","","","","","","","","","","","","","","","","","","","","","","","","","","","","","","","","","","","","","","","","","","","","","","","","","","","","","","","","","","","","","","","","","","","","","","","","","","","","","","","","","","","","","","","","*","FID?","Fiducial 40mil Diameter, 120mil Mask"
"M20-7820646","Hdr_Female_1x6_2.54mm","","","","","","","","","SIL","Headers and Wire Housings","","","","HDR FEMALE 1x6 2.54mm","","","","","https://cdn.harwin.com/pdfs/Harwin_PC_Connectors_M20.pdf?src-supplier=Rs","https://cdn.harwin.com/pdfs/Harwin_PC_Connectors_M20.pdf?src-supplier=Rs","http://www.harwin.com/include/downloads/pdfs/2010PAGE120.PDF?src-supplier=Avnet","http://www.harwin.com/include/downloads/pdfs/2010PAGE120.PDF?src-supplier=Avnet","https://cdn.harwin.com/pdfs/M20-782.pdf?src-supplier=Digikey","https://cdn.harwin.com/pdfs/M20-782.pdf?src-supplier=Digikey","https://cdn.harwin.com/pdfs/Harwin_PC_Connectors_M20.pdf?src-supplier=Mouser","https://cdn.harwin.com/pdfs/Harwin_PC_Connectors_M20.pdf?src-supplier=Mouser","https://cdn.harwin.com/pdfs/Harwin_PC_Connectors_M20.pdf?src-supplier=TTI","https://cdn.harwin.com/pdfs/Harwin_PC_Connectors_M20.pdf?src-supplier=TTI","","","","","","","","","Receptacle","","","TIN","Female","Bronze","","Tin","","Square","Female Socket","","","","","","","","","","","","","","","Pull","","UL94 V-0","","","","","","","","","","","","","","Black","Nylon","","","","","","","","","","","","","","Harwin","M20-7820646","12.63mm","","","","","105°C","","","","","","","","","","","","","","","","","","-40°C","","","Through Hole","","","","","","6","","","","","","","","","6","","","1","","","","","","","","","","","","38","Rail/Tube","","","","2.54mm","","","","1=1.24, 36=1.00861, 108=0.94435, 504=0.77266, 1008=0.6868, 5004=0.60095, 10008=0.5709 (USD)","","","No","","","","","","","","","","","","","Yes","Yes","","M20","","986","Digikey","952-1809-ND","","","","","Solder","","","","","","","","","","1kV","","","","","","","*","J?","2.54mm (0.1") Pitch SIL Vertical PC Tail Socket Assembly, tin, 6 contacts"
"M20-7820842","Hdr_Female_1x8_2.54mm","","","","","","","","","SIL","Headers and Wire Housings","","","","HDR FEMALE 1x8 2.54mm","","","","","https://datasheet.ciiva.com/9480/m20-782-9480074.pdf?src-supplier=Avnet","https://datasheet.ciiva.com/9480/m20-782-9480074.pdf?src-supplier=Avnet","","","","","","","","","","","","","","","","","Receptacle","","","GOLD","Female","Bronze","","Tin,Gold","","Square","Female Socket","","","","","","","","","","","","","","","Pull","","UL94 V-0","","","","","","Female","","","","","","","","Black","Nylon","","","","","","","","","","","","","","Harwin","M20-7820842","12.63mm","","","","","105°C","","","","","","","","","","","","","","","","","","-40°C","","","Through Hole","","","","","","8","","","","","","","","","8","","","1","","","","","","","","","","","","","Rail/Tube","","","","2.54mm","","","","1=1.44, 27=1.16556, 108=1.09102, 513=0.89263, 1026=0.79346, 5022=0.69427, 10017=0.65956 (USD)","","","No","","","","","","","","","","","","","Yes","Yes","","M20","","2660","Digikey","952-1823-ND","","","","","Solder","","","","","","","","","","1kV","","","","0.025397oz","","","*","J?","2.54mm (0.1") Pitch SIL Vertical PC Tail Socket Assembly, selective gold + tin, 8 contacts"
"M20-7821046","Hdr_Female_1x10_2.54mm","","","","","","","","","","Headers and Wire Housings","","","","HDR FEMALE 1x10 2.54mm","","","","","https://datasheet.ciiva.com/11753/0900766b80dc1d2b-11753869.pdf?src-supplier=Rs","https://datasheet.ciiva.com/11753/0900766b80dc1d2b-11753869.pdf?src-supplier=Rs","https://datasheet.ciiva.com/26899/getdatasheetpartid-559226-26899379.pdf?src-supplier=Verical","https://datasheet.ciiva.com/26899/getdatasheetpartid-559226-26899379.pdf?src-supplier=Verical","https://datasheet.ciiva.com/6785/m20-782-6785605.pdf?src-supplier=Digikey","https://datasheet.ciiva.com/6785/m20-782-6785605.pdf?src-supplier=Digikey","https://datasheet.ciiva.com/10151/m20-782-10151366.pdf?src-supplier=Avnet","https://datasheet.ciiva.com/10151/m20-782-10151366.pdf?src-supplier=Avnet","","","","","","","","","","","","","","","","","","","","","","","","","","","","","","","","","","","","","","","","","","","","","","","","","","","","","","","","","","","","","","","","","","","Harwin","M20-7821046","","","","","","","","","","","","","","","","","","","","","","","","","","","","","","","","","","","","","","","","","","","","","","","","","","","","","","","","","","","","","","","","","","1=1.46, 22=1.27, 110=1.13473, 506=0.94561, 1012=0.81052, 5016=0.71867, 10010=0.70245 (USD)","","","","","","","","","","","","","","","","Yes","","","","","2356","Digikey","952-1847-ND","","","","","","","","","","","","","","","","","","","","","","*","J?","2.54mm (0.1") Pitch SIL Vertical PC Tail Socket Assembly, tin, 10 contacts"
"MH_7.4MMC_3.2MMD","MH_7.4MMD_3.2MMD","","","","","","","","","","","","","","MH_7.4MMC_3.2MMD","","","","","","","","","","","","","","","","","","","","","","","","","","","","","","","","","","","","","","","","","","","","","","","","","","","","","","","","","","","","","","","","","","","","","","","","","","","","","","","","","","","","","","","","","","","","","","","","","","","","","","","","","","","","","","","","","","","","","","","","","","","","","","","","","","","","","","","","","","","","","","","","","","","","","","","","","","","","","","","","","","","","","","","","","","","","","","","","","","","","","","","","","","","","","","","*","MH?","Mounting Hole 7.4mm Diameter, 3.2mm Drill"
"MH_7.4MMNC_3.2MMD","MH_7.4MMD_3.2MMD_NON_COPPER_NPTH","","","","","","","","","","","","","","MH_7.4MMNC_3.2MMD","","","","","","","","","","","","","","","","","","","","","","","","","","","","","","","","","","","","","","","","","","","","","","","","","","","","","","","","","","","","","","","","","","","","","","","","","","","","","","","","","","","","","","","","","","","","","","","","","","","","","","","","","","","","","","","","","","","","","","","","","","","","","","","","","","","","","","","","","","","","","","","","","","","","","","","","","","","","","","","","","","","","","","","","","","","","","","","","","","","","","","","","","","","","","","","*","MH?","Hole 7.4mm Diameter (Non Copper), 3.2mm Drill NPTH"
"MPZ2012S601AT000","C0805","","","","","","","0805","2012","0805","Ferrite Beads and Chips","","","","MPZ2012S601AT000","","","","","https://datasheet.ciiva.com/46634/beads-commercial-power-mpz-en-46634335.pdf?src-supplier=Digikey","https://datasheet.ciiva.com/46634/beads-commercial-power-mpz-en-46634335.pdf?src-supplier=Digikey","https://datasheet.ciiva.com/46634/beads-commercial-power-mpz-en-46634377.pdf?src-supplier=Digikey","https://datasheet.ciiva.com/46634/beads-commercial-power-mpz-en-46634377.pdf?src-supplier=Digikey","https://datasheet.ciiva.com/46634/beads-commercial-power-mpz-en-46634606.pdf?src-supplier=Digikey","https://datasheet.ciiva.com/46634/beads-commercial-power-mpz-en-46634606.pdf?src-supplier=Digikey","","","","","","","","","","","","","","","","","","","","","","","","","228ConductorMaterial","2A","","100mR","","","","","","","","100mR","","","","","","","","","","","0.041inch","","","","600R","","","","","","","Lead Free","","","0.079inch","","","","","","","","TDK","MPZ2012S601AT000","","","2A","2A","","125°C","","","","","","","","","","","","","","","","","","-55°C","","","Surface Mount","","","","","","","","","","","","1","","","","","","","","","","","","","","","","","","1","Tape and Reel","","","","","","","","1=0.11, 10=0.076, 25=0.0664, 50=0.0594, 100=0.0533, 250=0.04584, 500=0.04074, 1000=0.03601 (USD)","","","","","","No","","","","","","","","","2A","Yes","Yes","","MPZ","","67973","Digikey","445-MPZ2012S601AT000CT-ND","","","","","","","100MHz","","","25%","","","","","","","","","","0.049inch","","*","FB?","Ferrite Beads Multi-Layer Power 600Ohm 25% 100MHz 2A 100mOhm DCR 0805 T/R"
"PAD_WITH_HOLE_4mmx1.5mm","PAD_WITH_HOLE_4mmx1.5mm","","","","","","","","","","","","","","4MMx1.5MM","","","","","","","","","","","","","","","","","","","","","","","","","","","","","","","","","","","","","","","","","","","","","","","","","","","","","","","","","","","","","","","","","","","","","","","","","","","","","","","","","","","","","","","","","","","","","","","","","","","","","","","","","","","","","","","","","","","","","","","","","","","","","","","","","","","","","","","","","","","","","","","","","","","","","","","","","","","","","","","","","","","","","","","","","","","","","","","","","","","","","","","","","","","","","","","*","J?","Pad with a hole 4mmx1.5mm"
"QPC02SXGN-RC","","","","","","","","","","","Connectors","","","","LINK","","","","","https://datasheet.ciiva.com/767/284-sxgn-11510-767869.pdf?src-supplier=Digikey","https://datasheet.ciiva.com/767/284-sxgn-11510-767869.pdf?src-supplier=Digikey","","","","","","","","","","","","","","","","","","","","","","157ConductorMaterial","","","","","","","","3A","","","","","","","","","","","","","","","","","","","","","","","","","","","","","","","","5697LeadFree","","","","","","","","","","","Sullins","QPC02SXGN-RC","","","","","","85°C","","","","","","","","","","","","","","","","","","-40°C","","","","","","","","","2NUMBER","","","","","","","","","","","","","","","","","","","","","","","","","","","","","","","","","1=0.1, 10=0.038, 25=0.0352, 50=0.0336, 100=0.032, 250=0.02996, 500=0.02852, 2000=0.02585, 4000=0.02461 (USD)","","","","","","","","","","","","","","","","Yes","","","","","639518","Digikey","S9337-ND","","","","","","","","","","","","","","","","","","","","","","*","LINK?","2 Position 2.54 mm Centerline Single Circuit Open Top Jumper"
"RC0805FR-07100KL","R0805","","","","","","","0805","2012","0805","Chip SMD Resistors","","","","100K","https://datasheet.ciiva.com/7941/1697719-7941678.pdf?src-supplier=Element14","https://datasheet.ciiva.com/7941/1697719-7941678.pdf?src-supplier=Element14","https://datasheet.ciiva.com/16747/rc0805-16747226.pdf?src-supplier=Future+Electronics","https://datasheet.ciiva.com/16747/rc0805-16747226.pdf?src-supplier=Future+Electronics","https://datasheet.ciiva.com/11808/0900766b8106beab-11808858.pdf?src-supplier=Rs","https://datasheet.ciiva.com/11808/0900766b8106beab-11808858.pdf?src-supplier=Rs","https://datasheet.ciiva.com/7941/1686128-7941677.pdf?src-supplier=Element14","https://datasheet.ciiva.com/7941/1686128-7941677.pdf?src-supplier=Element14","https://datasheet.ciiva.com/7660/38627-7660796.pdf?src-supplier=Element14","https://datasheet.ciiva.com/7660/38627-7660796.pdf?src-supplier=Element14","https://datasheet.ciiva.com/22747/444164-22747534.pdf?src-supplier=Element14","https://datasheet.ciiva.com/22747/444164-22747534.pdf?src-supplier=Element14","https://datasheet.ciiva.com/2457/pyu-r-int-thick-7-2457018.pdf?src-supplier=Digikey","https://datasheet.ciiva.com/2457/pyu-r-int-thick-7-2457018.pdf?src-supplier=Digikey","https://datasheet.ciiva.com/2457/pyu-r-int-thick-7-2457019.pdf?src-supplier=Digikey","https://datasheet.ciiva.com/2457/pyu-r-int-thick-7-2457019.pdf?src-supplier=Digikey","https://datasheet.ciiva.com/2457/pyu-r-int-thick-7-2457017.pdf?src-supplier=Digikey","https://datasheet.ciiva.com/2457/pyu-r-int-thick-7-2457017.pdf?src-supplier=Digikey","https://datasheet.ciiva.com/12667/rc0805-12667001.pdf?src-supplier=Mouser","https://datasheet.ciiva.com/12667/rc0805-12667001.pdf?src-supplier=Mouser","https://datasheet.ciiva.com/7941/1697719-7941676.pdf?src-supplier=Element14","https://datasheet.ciiva.com/7941/1697719-7941676.pdf?src-supplier=Element14","","Rectangular","","","","","","","","","","","","","","","1.25mm","","","","","","","","","","Moisture Resistant","","","","","","","","0.024inch","","","","","","","","","","","5697LeadFree","0.4mm","","0.079inch","","","","","","","","Yageo","RC0805FR-07100KL","","","","","","155°C","","","125mW","","","","","","","","","","","","Not","","","-55°C","","","","","","","","","","","","","","","","","","","","","","","2","","","","","","","","","","1","Tape and Reel","","","2","","","","125mW","1=0.1, 10=0.014, 100=0.0112, 1000=0.00918, 2500=0.00686 (USD)","","","","","","Unknown","","1%","Thick Film","","","","","","","Yes","Yes","","RC","","398551","Digikey","311-100KCRCT-ND","","","THICK FILM","100ppm/°C","SMD/SMT","","","","","1%","","100kR","","","150V","150V","150V","","","0.049inch","","*","R?","125Mw Thick Film Resistors 100Ppm/ 1% 100K 0805 Chip Resistor Surface Mount Rohs"
"RC0805FR-0710KL","R0805","","","","","","","0805","2012","0805","Chip SMD Resistors","","","","10k","","","","","","","","","","","","","","","","","","","","","","","","Rectangular","","","","","","","","","","","","","","","1.25mm","","","","","","","","","","Moisture Resistant","","","","","","","","0.024inch","","","","","","","","","","","Lead Free","","","0.079inch","","","","","","","","Yageo","RC0805FR-0710KL","","","","","","155°C","","","125mW","","","","","","","","","","","","Not","","","-55°C","","","","","","","","","","","","","","","","","","","","","","","2","","","","","","","","","","1","Tape and Reel","","","","","","","125mW","1=0.14, 10=0.016, 100=0.0112, 1000=0.00714 (USD)","","","","","","Unknown","","1%","Thick Film","","","","","","","Yes","Yes","","RC","","636782","Digikey","311-10.0KCRCT-ND","","","THICK FILM","100ppm/°C","SMD/SMT","","","","","1%","","10kR","","","150V","150V","","","","0.049inch","","*","R?","Res Thick Film 0805 10K Ohm 1% 0.125W(1/8W) +/-100ppm/C Epoxy Pad SMD T/R"
"RC0805FR-071KL","R0805","","","","","","","0805","2012","0805","Chip SMD Resistors","","","","1K","","","","","https://datasheet.ciiva.com/7941/1686128-7941719.pdf?src-supplier=Element14","https://datasheet.ciiva.com/7941/1686128-7941719.pdf?src-supplier=Element14","https://datasheet.ciiva.com/46385/444164-46385020.pdf?src-supplier=Element14","https://datasheet.ciiva.com/46385/444164-46385020.pdf?src-supplier=Element14","https://datasheet.ciiva.com/2456/pyu-r-int-thick-7-2456976.pdf?src-supplier=Digikey","https://datasheet.ciiva.com/2456/pyu-r-int-thick-7-2456976.pdf?src-supplier=Digikey","https://datasheet.ciiva.com/2456/pyu-r-int-thick-7-2456977.pdf?src-supplier=Digikey","https://datasheet.ciiva.com/2456/pyu-r-int-thick-7-2456977.pdf?src-supplier=Digikey","https://datasheet.ciiva.com/2456/pyu-r-int-thick-7-2456975.pdf?src-supplier=Digikey","https://datasheet.ciiva.com/2456/pyu-r-int-thick-7-2456975.pdf?src-supplier=Digikey","https://datasheet.ciiva.com/16850/rc0805-16850409.pdf?src-supplier=Future+Electronics","https://datasheet.ciiva.com/16850/rc0805-16850409.pdf?src-supplier=Future+Electronics","","","","","","","","Rectangular","","","","","","","","","","","","","","","1.25mm","","","","","","","","","","Moisture Resistant","","","","","","","","0.024inch","","","","","","","","","","","Lead Free","","","0.079inch","","","","","","","","Yageo","RC0805FR-071KL","","","","","","155°C","","","125mW","","","","","","","","","","","","Not","","","-55°C","","","","","","","","","","","","","","","","","","","","","","","2","","","","","","","","","","1","Tape and Reel","","","2","","","","125mW","1=0.1, 10=0.012, 100=0.0112, 1000=0.00714 (USD)","","","","","","No","","1%","Thick Film","","","","","","","Yes","Yes","","RC","","614745","Digikey","311-1.00KCRCT-ND","","","","100ppm/°C","SMD/SMT","","","","","1%","","1kR","","","150V","150V","150V","","","0.049inch","","*","R?","125Mw Thick Film Resistors 100Ppm/ 1% 1K 0805 Chip Resistor Surface Mount Rohs"
"RC0805FR-071ML","R0805","","","","","","","0805","2012","Molded","Chip SMD Resistors","","","","1M","","","","","https://datasheet.ciiva.com/2519/pyu-r-int-thick-7-2519712.pdf?src-supplier=Digikey","https://datasheet.ciiva.com/2519/pyu-r-int-thick-7-2519712.pdf?src-supplier=Digikey","https://datasheet.ciiva.com/2519/pyu-r-int-thick-7-2519713.pdf?src-supplier=Digikey","https://datasheet.ciiva.com/2519/pyu-r-int-thick-7-2519713.pdf?src-supplier=Digikey","https://datasheet.ciiva.com/2519/pyu-r-int-thick-7-2519711.pdf?src-supplier=Digikey","https://datasheet.ciiva.com/2519/pyu-r-int-thick-7-2519711.pdf?src-supplier=Digikey","https://datasheet.ciiva.com/12666/rc0805-12666975.pdf?src-supplier=Mouser","https://datasheet.ciiva.com/12666/rc0805-12666975.pdf?src-supplier=Mouser","https://datasheet.ciiva.com/17419/rc0805-17419909.pdf?src-supplier=Future+Electronics","https://datasheet.ciiva.com/17419/rc0805-17419909.pdf?src-supplier=Future+Electronics","","","","","","","","","","Rectangular","","","","","","","","","","","","","","","1.25mm","","","","","","","","","","","","","","","","","","","","","","","","","","","","","Lead Free","","","2mm","","","","","","","","Yageo","RC0805FR-071ML","","","","","","155°C","","","","","","","","","","","","","","","Not","","","-55°C","","","","","","","","","","","","","","","","","","","","","","","","","","","","","","","","","","Tape and Reel","","","","","","","125mW","1=0.1, 10=0.014, 100=0.0112, 1000=0.00918, 2500=0.00617 (USD)","","","","","","Unknown","","1%","Thick Film","","","","","","","Yes","Yes","","","","175670","Digikey","311-1.00MCRCT-ND","","","","250ppm/°C","","","","","","1%","","1MR","","","150V","150V","","","","","","*","R?","125Mw Thick Film Resistors 100Ppm/ 1% 1M 0805 Chip Resistor Surface Mount Rohs"
"RC0805FR-0722RL","R0805","","","","","","","","","","Chip SMD Resistors","","","","22R","","","","","https://datasheet.ciiva.com/11819/0900766b8106beab-11819837.pdf?src-supplier=Rs","https://datasheet.ciiva.com/11819/0900766b8106beab-11819837.pdf?src-supplier=Rs","https://datasheet.ciiva.com/2457/pyu-r-int-thick-7-2457045.pdf?src-supplier=Digikey","https://datasheet.ciiva.com/2457/pyu-r-int-thick-7-2457045.pdf?src-supplier=Digikey","https://datasheet.ciiva.com/2457/pyu-r-int-thick-7-2457046.pdf?src-supplier=Digikey","https://datasheet.ciiva.com/2457/pyu-r-int-thick-7-2457046.pdf?src-supplier=Digikey","https://datasheet.ciiva.com/12667/rc0805-12667371.pdf?src-supplier=Mouser","https://datasheet.ciiva.com/12667/rc0805-12667371.pdf?src-supplier=Mouser","https://datasheet.ciiva.com/2457/pyu-r-int-thick-7-2457044.pdf?src-supplier=Digikey","https://datasheet.ciiva.com/2457/pyu-r-int-thick-7-2457044.pdf?src-supplier=Digikey","https://datasheet.ciiva.com/46447/444164-46447574.pdf?src-supplier=Element14","https://datasheet.ciiva.com/46447/444164-46447574.pdf?src-supplier=Element14","","","","","","","","","","","","","","","","","","","","","","","","","","","","","","","","","","","","","","","","","","","","","","","","","","","","5697LeadFree","","","","","","","","","","","Yageo","RC0805FR-0722RL","","","","","","","","","","","","","","","","","","","","","","","","","","","","","","","","","","","","","","","","","","","","","","","","","","","","","","","","","","","","","","","","","","1=0.1, 10=0.012, 100=0.0112, 1000=0.00918, 2500=0.00652 (USD)","","","","","","","","","","","","","","","","Yes","","","","","257864","Digikey","311-22.0CRCT-ND","","","","","","","","","","","","","","","","150V","","","","","","*","R?","SMD Chip Resistor, 22 Ohm, ± 1%, 125 mW, 0805 [2012 Metric], Thick Film, General Purpose"
"RC0805FR-07560RL","R0805","","","","","","","","","","Chip SMD Resistors","","","","560R","","","","","","","","","","","","","","","","","","","","","","","","","","","","","","","","","","","","","","","","","","","","","","","","","","","","","","","","","","","","","","","","","","","","","","","","","","","","","","","Yageo","RC0805FR-07560RL","","","","","","","","","","","","","","","","","","","","","","","","","","","","","","","","","","","","","","","","","","","","","","","","","","","","","","","","","","","","","","","","","","1=0.1, 10=0.012, 100=0.0112, 1000=0.00714 (USD)","","","","","","","","","","","","","","","","Yes","","","","","22233","Digikey","311-560CRCT-ND","","","","","","","","","","","","","","","","","","","","","","*","R?","Res General Purpose Thick Film 0805 560 Ohm 1% 1/8W ±100ppm/°C Molded Paper T/R"
"RC0805JR-070RL","R0805","","","","","","","0805","2012","0805","Chip SMD Resistors","","","","0R","","","","","https://datasheet.ciiva.com/11819/0900766b8106beab-11819430.pdf?src-supplier=Rs","https://datasheet.ciiva.com/11819/0900766b8106beab-11819430.pdf?src-supplier=Rs","https://datasheet.ciiva.com/7941/1738694-7941861.pdf?src-supplier=Element14","https://datasheet.ciiva.com/7941/1738694-7941861.pdf?src-supplier=Element14","https://datasheet.ciiva.com/7941/1738694-7941862.pdf?src-supplier=Element14","https://datasheet.ciiva.com/7941/1738694-7941862.pdf?src-supplier=Element14","https://datasheet.ciiva.com/7941/1738694-7941863.pdf?src-supplier=Element14","https://datasheet.ciiva.com/7941/1738694-7941863.pdf?src-supplier=Element14","","","","","","","","","","","","Rectangular","","","","","","Tin,Matte","","","","","","","","","1.25mm","","","","","","","","","","Moisture Resistant","","","","","","","","0.5mm","","","","","","","","","","","5697LeadFree","","","2mm","","","","","","","","Yageo","RC0805JR-070RL","","","","","","155°C","","","125mW","","","","","","","","","","","","Not","","","-55°C","","","","","","","","","","","","","","","","","","","","","","","2","","","","","","","","","","","Tape and Reel","","","2","","","","125mW","1=0.1, 10=0.015, 25=0.0128, 50=0.011, 100=0.0097, 250=0.00812, 500=0.00716, 1000=0.00633 (USD)","","","","","","Unknown","","5%","Thick Film","","","","","","","Yes","Yes","","RC","","729669","Digikey","311-0.0ARCT-ND","","","THICK FILM","200ppm/°C","SMD/SMT","","","","","5%","","0mR","","","150V","","150V","","","1.25mm","","*","R?","GENERAL PURPOSE CHIP RESISTOR Metal Glaze/thick Film, 0.125W, 0ohm, Surface Mount, 0805"
"SN74AHC1G09DBVR","DBV_SOT_23_5","","","","","","","","","SOT-23","Logic Gates","","","","SN74AHC1G09DBVR","","","","","https://datasheet.ciiva.com/1864/sn74ahc1g09-1864411.pdf?src-supplier=Digikey","https://datasheet.ciiva.com/1864/sn74ahc1g09-1864411.pdf?src-supplier=Digikey","https://datasheet.ciiva.com/1864/sn74ahc1g09-1864410.pdf?src-supplier=Digikey","https://datasheet.ciiva.com/1864/sn74ahc1g09-1864410.pdf?src-supplier=Digikey","https://datasheet.ciiva.com/1864/sn74ahc1g09-1864412.pdf?src-supplier=Digikey","https://datasheet.ciiva.com/1864/sn74ahc1g09-1864412.pdf?src-supplier=Digikey","","","","","","","","","","","","","","","","","","","","","","","","","","","","","","","","","","","","","","","","","","","","","","","1.45mm","","","","","","","","","","","Lead Free","","","2.9mm","","","","","AND GATE","8mA","","Texas Instruments","SN74AHC1G09DBVR","","","","","","125°C","","","","","","","","5.5V","","","","","","","","","","-55°C","","2V","Surface Mount","1uA","","1","1NUMBER","1","","1","1","","","2","","1","","","","","","","","","","","","","","25mA","","5.5V","3000","Tape and Reel","","","5","","","","","1=0.12, 10=0.077, 25=0.0672, 100=0.0566, 250=0.05148, 500=0.04844, 1000=0.04592 (USD)","7.5ns","1uA","No","","","No","","","","","","","","","","Yes","Yes","","74AHC","","","Digikey","296-29202-1-ND","","","CMOS","","","","","1.2mm","","","","","","","","","","","","1.6mm","","*","U?","1-ch, 2-input 2-V to 5.5-V high-speed (9 ns) AND gate with open-drain outputs 5-SOT-23 -55 to 125"
"TL1963A-33DCQR","GCQ (R-PDSO-G6)","3%","","","","","","","","SOT-223-6","Voltage Regulators - Linear","","","","TL1963A-33DCQR","","","","","https://datasheet.ciiva.com/2046/tl1963a-2046162.pdf?src-supplier=Digikey","https://datasheet.ciiva.com/2046/tl1963a-2046162.pdf?src-supplier=Digikey","https://datasheet.ciiva.com/2046/tl1963a-2046161.pdf?src-supplier=Digikey","https://datasheet.ciiva.com/2046/tl1963a-2046161.pdf?src-supplier=Digikey","https://datasheet.ciiva.com/2046/tl1963a-2046163.pdf?src-supplier=Digikey","https://datasheet.ciiva.com/2046/tl1963a-2046163.pdf?src-supplier=Digikey","","","","","","","","","","","","","","","","","","","","","","","","","","","","","","","","","","340mV","","","","","","","","","","","","","","","","","","","1mA","","","","","Lead Free","","","","","","","","","","","Texas Instruments","TL1963A-33DCQR","","","","","","125°C","1.5A","3.3V","","","","","","20V","","","","","","","","1.6A","2.1V","-40°C","3.3V","","","","","","","","","","","","","","","1","","","","1","","","","","","","","","","1.5A","Fixed","3.3V","1","Tape and Reel","","","6","","Positive","","","1=3.3, 10=2.479, 25=2.2736, 100=2.0475, 250=1.93968, 500=1.87468, 1000=1.82118 (USD)","","1mA","No","","","","","","","","","","","","","Yes","Yes","","-","","8366","Digikey","296-24534-1-ND","","","","","","","","","","","","","","","","","","","","","","*","U?","LDO Regulator Pos 3.3V 1.5A 6-Pin(5+Tab) SOT-223 T/R"
